<addon id="repository.netklix" name="NetKlix Repo" version="1.0.0" provider-name="You">
  <requires>
    <import addon="xbmc.python" version="3.0.0"/>
  </requires>
  <extension point="xbmc.addon.repository" name="NetKlix Repo">
    <!-- Served by GitHub Pages -->
    <info compressed="false">https://inevitable-.github.io/netklix-builds/addons.xml</info>
    <checksum>https://inevitable-.github.io/netklix-builds/addons.xml.md5</checksum>
    <datadir zip="true">https://inevitable-.github.io/netklix-builds/zips/</datadir>
  </extension>
  <extension point="xbmc.addon.metadata">
    <summary>Repository for NetKlix Wizard</summary>
    <description>Installs and updates the NetKlix Wizard.</description>
    <platform>all</platform>
  </extension>
</addon>