<addon id="repository.netklix" name="Netklix Repo" version="1.0.0" provider-name="inevitable">
    <extension point="xbmc.addon.repository" name="Netklix Repo">
        <info compressed="false">https://raw.githubusercontent.com/inevitable-/netklix-builds/main/addons.xml</info>
        <checksum>https://raw.githubusercontent.com/inevitable-/netklix-builds/main/addons.xml.md5</checksum>
        <datadir zip="true">https://raw.githubusercontent.com/inevitable-/netklix-builds/main/zips/</datadir>
    </extension>
    <extension point="xbmc.addon.metadata">
        <summary>Netklix Repository</summary>
        <description>Install Netklix and other addons</description>
        <platform>all</platform>
        <assets>
            <icon>icon.png</icon>
            <fanart>fanart.jpg</fanart>
        </assets>
    </extension>
</addon>