<addon id="repository.netklix" name="NetKlix Repo" version="1.0.3" provider-name="inevitable-">
  <extension point="xbmc.addon.repository" name="NetKlix Repo">
  <dir>
    <info compressed="false">https://raw.githubusercontent.com/inevitable-/netklix-builds/main/zips/addons.xml</info>
    <checksum>https://raw.githubusercontent.com/inevitable-/netklix-builds/main/zips/addons.xml.md5</checksum>
    <datadir zip="true">https://raw.githubusercontent.com/inevitable-/netklix-builds/main/zips/</datadir>
  </dir>
  </extension>
  <extension point="xbmc.addon.metadata">
    <summary>NetKlix Repository</summary>
    <description>Install NetKlix Wizard and other add-ons</description>
    <platform>all</platform>
    <assets>
      <icon>icon.png</icon>
      <fanart>fanart.jpg</fanart>
    </assets>
  </extension>
</addon>
